cache_version,infer_from_raw_trace,trace_seconds,exp_name,block_id,n_epochs,rec_type,rec_note,online_analysis_recorded,recording_technique,series_resistance_mohm,series_resistance_source,mean_current_pa
5,True,5.0,2020-06-11_B,30238,14,exc,"'none' resolved to 'exc': series resistance is 4.5 MOhm, so whole-cell; polarity from the sign of the current",,whole-cell,4.5027214250371115,raw H5,
5,True,5.0,2020-06-11_B,30209,2,exc,"'none' resolved to 'exc': series resistance is 8.4 MOhm, so whole-cell; polarity from the sign of the current",,whole-cell,8.439716312056738,raw H5,
5,True,5.0,2020-06-11_B,30210,20,exc,"'none' resolved to 'exc': series resistance is 10.9 MOhm, so whole-cell; polarity from the sign of the current",,whole-cell,10.935180603661554,raw H5,
5,True,5.0,2020-06-11_B,30188,15,extracellular,'none' resolved to 'extracellular': series resistance is 0 and the trace contains spikes,,cell-attached,0.0,raw H5,
5,True,5.0,2020-06-11_B,30174,19,extracellular,'none' resolved to 'extracellular': series resistance is 0 and the trace contains spikes,,cell-attached,0.0,raw H5,
5,True,5.0,2020-06-11_B,30177,6,exc,"'none' resolved to 'exc': series resistance is 3.0 MOhm, so whole-cell; polarity from the sign of the current",,whole-cell,2.989545287649526,raw H5,
5,True,5.0,2020-06-11_B,30216,14,extracellular,'none' resolved to 'extracellular': series resistance is 0 and the trace contains spikes,,cell-attached,0.0,raw H5,
5,True,5.0,2020-06-11_B,30218,27,exc,"'none' resolved to 'exc': series resistance is 7.5 MOhm, so whole-cell; polarity from the sign of the current",,cell-attached,7.514815894297095,raw H5,
5,True,5.0,2020-06-16_B,30318,10,extracellular,'none' resolved to 'extracellular': series resistance is 0 and the trace contains spikes,,cell-attached,0.0,raw H5,
5,True,5.0,2020-06-16_B,30319,11,inh,resolved to 'inh': prominent raw events have lower-quartile width 2.17 ms > 1.5 ms; broad currents triggered the spike detector; polarity from the sign of the current,,cell-attached,0.0,raw H5,
5,True,5.0,2020-06-16_B,30325,4,exc,"'none' resolved to 'exc': series resistance is 8.0 MOhm, so whole-cell; polarity from the sign of the current",,whole-cell,7.969707897583845,raw H5,
5,True,5.0,2020-06-16_B,30326,7,exc,"'none' resolved to 'exc': series resistance is 8.0 MOhm, so whole-cell; polarity from the sign of the current",,whole-cell,7.969707897583845,raw H5,
5,True,5.0,2020-06-16_B,30331,10,exc,"'none' resolved to 'exc': series resistance is 14.9 MOhm, so whole-cell; polarity from the sign of the current",,whole-cell,14.893617021276597,raw H5,
5,True,5.0,2020-06-16_B,30332,8,exc,"'none' resolved to 'exc': series resistance is 14.9 MOhm, so whole-cell; polarity from the sign of the current",,whole-cell,14.893617021276597,raw H5,
5,True,5.0,2020-06-16_B,30333,16,exc,"'none' resolved to 'exc': series resistance is 14.9 MOhm, so whole-cell; polarity from the sign of the current",,whole-cell,14.893617021276597,raw H5,
5,True,5.0,2020-06-16_B,30336,8,exc,"'none' resolved to 'exc': series resistance is 14.9 MOhm, so whole-cell; polarity from the sign of the current",,whole-cell,14.893617021276597,raw H5,
5,True,5.0,2020-06-23_B,30406,10,extracellular,'none' resolved to 'extracellular': series resistance is 0 and the trace contains spikes,,cell-attached,0.0,raw H5,
5,True,5.0,2020-06-23_B,30420,10,extracellular,'none' resolved to 'extracellular': series resistance is 0 and the trace contains spikes,,cell-attached,0.0,raw H5,
5,True,5.0,2020-06-23_B,30421,10,extracellular,'none' resolved to 'extracellular': series resistance is 0 and the trace contains spikes,,cell-attached,0.0,raw H5,
5,True,5.0,2020-07-13_G,10059,20,extracellular,resolved to 'extracellular' from this block's trace (series resistance unavailable; epoch-group label ignored),,cell-attached,,unavailable,
5,True,5.0,2020-07-13_G,10062,15,extracellular,resolved to 'extracellular' from this block's trace (series resistance unavailable; epoch-group label ignored),,cell-attached,,unavailable,
5,True,5.0,2020-07-13_G,10064,7,exc,resolved to 'exc' from this block's trace (series resistance unavailable; epoch-group label ignored),,cell-attached,,unavailable,
5,True,5.0,2020-07-14_G,10090,6,exc,resolved to 'exc' from this block's trace (series resistance unavailable; epoch-group label ignored),,whole-cell,,unavailable,
5,True,5.0,2020-07-14_G,10099,5,extracellular,resolved to 'extracellular' from this block's trace (series resistance unavailable; epoch-group label ignored),,cell-attached,,unavailable,
5,True,5.0,2020-07-14_G,10100,2,extracellular,resolved to 'extracellular' from this block's trace (series resistance unavailable; epoch-group label ignored),,cell-attached,,unavailable,
5,True,5.0,2020-07-14_G,10101,5,extracellular,resolved to 'extracellular' from this block's trace (series resistance unavailable; epoch-group label ignored),,cell-attached,,unavailable,
5,True,5.0,2020-07-14_G,10072,7,exc,resolved to 'exc' from this block's trace (series resistance unavailable; epoch-group label ignored),,cell-attached,,unavailable,
5,True,5.0,2020-07-14_G,10074,10,extracellular,resolved to 'extracellular' from this block's trace (series resistance unavailable; epoch-group label ignored),,cell-attached,,unavailable,
5,True,5.0,2020-07-14_G,10078,2,exc,resolved to 'exc' from this block's trace (series resistance unavailable; epoch-group label ignored),,whole-cell,,unavailable,
5,True,5.0,2020-07-14_G,10080,6,exc,resolved to 'exc' from this block's trace (series resistance unavailable; epoch-group label ignored),,whole-cell,,unavailable,
5,True,5.0,2020-07-29_G,10123,8,inh,resolved to 'inh' from this block's trace (series resistance unavailable; epoch-group label ignored),,cell-attached,,unavailable,
5,True,5.0,2020-07-29_G,10114,4,extracellular,resolved to 'extracellular' from this block's trace (series resistance unavailable; epoch-group label ignored),,cell-attached,,unavailable,
5,True,5.0,2020-07-29_G,10117,8,inh,resolved to 'inh' from this block's trace (series resistance unavailable; epoch-group label ignored),,cell-attached,,unavailable,
5,True,5.0,2020-07-29_G,10119,6,inh,resolved to 'inh' from this block's trace (series resistance unavailable; epoch-group label ignored),,cell-attached,,unavailable,
5,True,5.0,2020-07-29_G,10121,7,exc,resolved to 'exc' from this block's trace (series resistance unavailable; epoch-group label ignored),,cell-attached,,unavailable,
5,True,5.0,2020-07-29_G,10103,2,extracellular,resolved to 'extracellular' from this block's trace (series resistance unavailable; epoch-group label ignored),,cell-attached,,unavailable,
5,True,5.0,2020-07-29_G,10104,7,inh,resolved to 'inh' from this block's trace (series resistance unavailable; epoch-group label ignored),,cell-attached,,unavailable,
5,True,5.0,2020-07-29_G,10105,3,exc,resolved to 'exc' from this block's trace (series resistance unavailable; epoch-group label ignored),,cell-attached,,unavailable,
5,True,5.0,2020-07-29_G,10110,2,extracellular,resolved to 'extracellular' from this block's trace (series resistance unavailable; epoch-group label ignored),,cell-attached,,unavailable,
5,True,5.0,2020-07-29_G,10111,6,inh,resolved to 'inh' from this block's trace (series resistance unavailable; epoch-group label ignored),,cell-attached,,unavailable,
5,True,5.0,2020-07-29_G,10112,2,extracellular,resolved to 'extracellular' from this block's trace (series resistance unavailable; epoch-group label ignored),,cell-attached,,unavailable,
5,True,5.0,2020-07-29_G,10107,12,inh,resolved to 'inh' from this block's trace (series resistance unavailable; epoch-group label ignored),,cell-attached,,unavailable,
5,True,5.0,2020-07-29_G,10125,12,exc,resolved to 'exc' from this block's trace (series resistance unavailable; epoch-group label ignored),,cell-attached,,unavailable,
5,True,5.0,2020-07-29_G,10129,7,exc,resolved to 'exc' from this block's trace (series resistance unavailable; epoch-group label ignored),,whole-cell,,unavailable,
5,True,5.0,2020-07-29_G,10130,2,exc,resolved to 'exc' from this block's trace (series resistance unavailable; epoch-group label ignored),,whole-cell,,unavailable,
5,True,5.0,2020-07-29_G,10132,7,exc,resolved to 'exc' from this block's trace (series resistance unavailable; epoch-group label ignored),,cell-attached,,unavailable,
5,True,5.0,2020-07-29_G,10134,2,exc,resolved to 'exc' from this block's trace (series resistance unavailable; epoch-group label ignored),,whole-cell,,unavailable,
5,True,5.0,2020-07-29_G,10135,1,exc,resolved to 'exc' from this block's trace (series resistance unavailable; epoch-group label ignored),,whole-cell,,unavailable,
5,True,5.0,2020-08-11_G,10159,12,exc,resolved to 'exc' from this block's trace (series resistance unavailable; epoch-group label ignored),,cell-attached,,unavailable,
5,True,5.0,2020-08-11_G,10153,12,exc,resolved to 'exc' from this block's trace (series resistance unavailable; epoch-group label ignored),,cell-attached,,unavailable,
5,True,5.0,2020-08-11_G,10156,2,exc,resolved to 'exc' from this block's trace (series resistance unavailable; epoch-group label ignored),,whole-cell,,unavailable,
5,True,5.0,2020-08-11_G,10157,7,exc,resolved to 'exc' from this block's trace (series resistance unavailable; epoch-group label ignored),,whole-cell,,unavailable,
5,True,5.0,2020-08-11_G,10175,13,exc,resolved to 'exc' from this block's trace (series resistance unavailable; epoch-group label ignored),,cell-attached,,unavailable,
5,True,5.0,2020-08-11_G,10184,16,exc,resolved to 'exc' from this block's trace (series resistance unavailable; epoch-group label ignored),,whole-cell,,unavailable,
5,True,5.0,2020-08-11_G,10187,2,exc,resolved to 'exc' from this block's trace (series resistance unavailable; epoch-group label ignored),,whole-cell,,unavailable,
5,True,5.0,2020-08-11_G,10188,4,exc,resolved to 'exc' from this block's trace (series resistance unavailable; epoch-group label ignored),,whole-cell,,unavailable,
5,True,5.0,2020-08-11_G,10145,1,extracellular,resolved to 'extracellular' from this block's trace (series resistance unavailable; epoch-group label ignored),,cell-attached,,unavailable,
5,True,5.0,2020-08-11_G,10146,10,inh,resolved to 'inh' from this block's trace (series resistance unavailable; epoch-group label ignored),,cell-attached,,unavailable,
5,True,5.0,2020-08-11_G,10149,2,exc,resolved to 'exc' from this block's trace (series resistance unavailable; epoch-group label ignored),,whole-cell,,unavailable,
5,True,5.0,2020-08-11_G,10151,6,exc,resolved to 'exc' from this block's trace (series resistance unavailable; epoch-group label ignored),,whole-cell,,unavailable,
5,True,5.0,2020-08-11_G,10152,12,exc,resolved to 'exc' from this block's trace (series resistance unavailable; epoch-group label ignored),,whole-cell,,unavailable,
5,True,5.0,2020-08-11_G,10137,14,exc,resolved to 'exc' from this block's trace (series resistance unavailable; epoch-group label ignored),,cell-attached,,unavailable,
5,True,5.0,2020-08-11_G,10168,14,exc,resolved to 'exc' from this block's trace (series resistance unavailable; epoch-group label ignored),,cell-attached,,unavailable,
5,True,5.0,2020-08-11_G,10171,15,exc,resolved to 'exc' from this block's trace (series resistance unavailable; epoch-group label ignored),,whole-cell,,unavailable,
5,True,5.0,2020-08-11_G,10179,8,exc,resolved to 'exc' from this block's trace (series resistance unavailable; epoch-group label ignored),,cell-attached,,unavailable,
5,True,5.0,2020-08-25_G,10273,9,extracellular,resolved to 'extracellular' from this block's trace (series resistance unavailable; epoch-group label ignored),,cell-attached,,unavailable,
5,True,5.0,2020-08-25_G,10275,12,inh,resolved to 'inh' from this block's trace (series resistance unavailable; epoch-group label ignored),,cell-attached,,unavailable,
5,True,5.0,2020-08-25_G,10267,6,inh,resolved to 'inh' from this block's trace (series resistance unavailable; epoch-group label ignored),,,,unavailable,
5,True,5.0,2020-08-25_G,10262,6,inh,resolved to 'inh' from this block's trace (series resistance unavailable; epoch-group label ignored),,,,unavailable,
5,True,5.0,2020-08-25_G,10263,8,inh,resolved to 'inh' from this block's trace (series resistance unavailable; epoch-group label ignored),,,,unavailable,
5,True,5.0,2020-08-25_G,10270,6,inh,resolved to 'inh' from this block's trace (series resistance unavailable; epoch-group label ignored),,,,unavailable,
5,True,5.0,2020-08-25_G,10260,14,inh,resolved to 'inh' from this block's trace (series resistance unavailable; epoch-group label ignored),,cell-attached,,unavailable,
5,True,5.0,2020-08-25_G,10256,14,extracellular,resolved to 'extracellular' from this block's trace (series resistance unavailable; epoch-group label ignored),,cell-attached,,unavailable,
5,True,5.0,2020-08-25_G_scotopic,10252,14,extracellular,resolved to 'extracellular' from this block's trace (series resistance unavailable; epoch-group label ignored),,cell-attached,,unavailable,
5,True,5.0,2020-08-25_G_scotopic,10246,14,extracellular,resolved to 'extracellular' from this block's trace (series resistance unavailable; epoch-group label ignored),,cell-attached,,unavailable,
5,True,5.0,2020-08-25_G_scotopic,10248,8,exc,resolved to 'exc' from this block's trace (series resistance unavailable; epoch-group label ignored),,cell-attached,,unavailable,
5,True,5.0,2020-08-25_G_scotopic,10249,7,exc,resolved to 'exc' from this block's trace (series resistance unavailable; epoch-group label ignored),,cell-attached,,unavailable,
5,True,5.0,2020-10-20_G,10544,11,exc,resolved to 'exc' from this block's trace (series resistance unavailable; epoch-group label ignored),,whole-cell,,unavailable,
5,True,5.0,2020-10-20_G,10545,5,inh,resolved to 'inh' from this block's trace (series resistance unavailable; epoch-group label ignored),,whole-cell,,unavailable,
5,True,5.0,2020-10-20_G,10550,12,inh,resolved to 'inh': prominent raw events have lower-quartile width 2.99 ms > 1.5 ms; broad currents triggered the spike detector; polarity from the sign of the current,,whole-cell,,unavailable,
5,True,5.0,2020-10-20_G,10552,11,exc,resolved to 'exc': prominent raw events have lower-quartile width 4.09 ms > 1.5 ms; broad currents triggered the spike detector; polarity from the sign of the current,,whole-cell,,unavailable,
5,True,5.0,2020-10-20_G,10553,11,inh,resolved to 'inh': prominent raw events have lower-quartile width 3.25 ms > 1.5 ms; broad currents triggered the spike detector; polarity from the sign of the current,,whole-cell,,unavailable,
5,True,5.0,2020-10-20_G,10557,6,exc,resolved to 'exc' from this block's trace (series resistance unavailable; epoch-group label ignored),,cell-attached,,unavailable,
5,True,5.0,2020-12-03_G,10940,12,extracellular,resolved to 'extracellular' from this block's trace (series resistance unavailable; epoch-group label ignored),,,,unavailable,
5,True,5.0,2020-12-03_G,10948,8,extracellular,resolved to 'extracellular' from this block's trace (series resistance unavailable; epoch-group label ignored),,cell-attached,,unavailable,
5,True,5.0,2020-12-03_G,10949,4,extracellular,resolved to 'extracellular' from this block's trace (series resistance unavailable; epoch-group label ignored),,cell-attached,,unavailable,
5,True,5.0,2020-12-03_G,10942,12,extracellular,resolved to 'extracellular' from this block's trace (series resistance unavailable; epoch-group label ignored),,cell-attached,,unavailable,
5,True,5.0,2020-12-03_G,10944,12,exc,resolved to 'exc' from this block's trace (series resistance unavailable; epoch-group label ignored),,whole-cell,,unavailable,
5,True,5.0,2020-12-03_G,10945,2,inh,resolved to 'inh': prominent raw events have lower-quartile width 3.69 ms > 1.5 ms; broad currents triggered the spike detector; polarity from the sign of the current,,whole-cell,,unavailable,
5,True,5.0,2020-12-03_G,10946,8,inh,resolved to 'inh': prominent raw events have lower-quartile width 3.65 ms > 1.5 ms; broad currents triggered the spike detector; polarity from the sign of the current,,whole-cell,,unavailable,
5,True,5.0,2020-12-03_G,10930,11,extracellular,resolved to 'extracellular' from this block's trace (series resistance unavailable; epoch-group label ignored),,cell-attached,,unavailable,
5,True,5.0,2020-12-03_G,10931,2,extracellular,resolved to 'extracellular' from this block's trace (series resistance unavailable; epoch-group label ignored),,cell-attached,,unavailable,
5,True,5.0,2020-12-03_G,10934,6,exc,resolved to 'exc': prominent raw events have lower-quartile width 3.28 ms > 1.5 ms; broad currents triggered the spike detector; polarity from the sign of the current,,whole-cell,,unavailable,
5,True,5.0,2020-12-03_G,10936,12,exc,resolved to 'exc' from this block's trace (series resistance unavailable; epoch-group label ignored),,cell-attached,,unavailable,
5,True,5.0,2020-12-03_G,10937,2,extracellular,resolved to 'extracellular' from this block's trace (series resistance unavailable; epoch-group label ignored),,cell-attached,,unavailable,
5,True,5.0,2021-02-01_B,11401,12,extracellular,'none' resolved to 'extracellular': series resistance is 0 and the trace contains spikes,,cell-attached,0.0,raw H5,
5,True,5.0,2021-02-01_B,11402,50,extracellular,'none' resolved to 'extracellular': series resistance is 0 and the trace contains spikes,,cell-attached,0.0,raw H5,
5,True,5.0,2021-02-01_B,11392,31,inh,"'none' resolved to 'inh': the trace has no spikes, so whole-cell with the series resistance never set; polarity from the sign of the current",,cell-attached,0.0,raw H5,
5,True,5.0,2021-03-02_B,11537,9,exc,"'none' resolved to 'exc': the trace has no spikes, so whole-cell with the series resistance never set; polarity from the sign of the current",,cell-attached,0.0,raw H5,
5,True,5.0,2021-03-02_B,11548,10,exc,"'none' resolved to 'exc': series resistance is 16.3 MOhm, so whole-cell; polarity from the sign of the current",,whole-cell,16.33493479752917,raw H5,
5,True,5.0,2021-03-02_B,11528,10,extracellular,'none' resolved to 'extracellular': series resistance is 0 and the trace contains spikes,,cell-attached,0.0,raw H5,
5,True,5.0,2021-03-02_B,11562,9,exc,"'none' resolved to 'exc': the trace has no spikes, so whole-cell with the series resistance never set; polarity from the sign of the current",,cell-attached,0.0,raw H5,
5,True,5.0,2021-04-27_B,12017,12,inh,"'none' resolved to 'inh': the trace has no spikes, so whole-cell with the series resistance never set; polarity from the sign of the current",,cell-attached,0.0,raw H5,
5,True,5.0,2021-04-27_B,12018,4,exc,"'none' resolved to 'exc': series resistance is 6.6 MOhm, so whole-cell; polarity from the sign of the current",,cell-attached,6.556751716538104,raw H5,
5,True,5.0,2021-04-27_B,12019,7,exc,"'none' resolved to 'exc': series resistance is 6.6 MOhm, so whole-cell; polarity from the sign of the current",,cell-attached,6.556751716538104,raw H5,
5,True,5.0,2021-04-27_B,12005,12,exc,"'none' resolved to 'exc': the trace has no spikes, so whole-cell with the series resistance never set; polarity from the sign of the current",,,0.0,raw H5,
5,True,5.0,2021-04-27_B,12013,12,extracellular,'none' resolved to 'extracellular': series resistance is 0 and the trace contains spikes,,,0.0,raw H5,
5,True,5.0,2021-04-27_B,12009,12,exc,"'none' resolved to 'exc': the trace has no spikes, so whole-cell with the series resistance never set; polarity from the sign of the current",,,0.0,raw H5,
5,True,5.0,2021-04-27_B,12011,11,exc,"'none' resolved to 'exc': series resistance is 9.0 MOhm, so whole-cell; polarity from the sign of the current",,,9.042553191489361,raw H5,
5,True,5.0,2021-04-27_B,12021,7,inh,"'none' resolved to 'inh': the trace has no spikes, so whole-cell with the series resistance never set; polarity from the sign of the current",,,0.0,raw H5,
5,True,5.0,2021-04-27_B,12024,7,exc,"'none' resolved to 'exc': the trace has no spikes, so whole-cell with the series resistance never set; polarity from the sign of the current",,,0.0,raw H5,
5,True,5.0,2021-04-27_B,12026,12,exc,"'none' resolved to 'exc': the trace has no spikes, so whole-cell with the series resistance never set; polarity from the sign of the current",,,0.0,raw H5,
5,True,5.0,2021-04-27_B,12015,7,extracellular,'none' resolved to 'extracellular': series resistance is 0 and the trace contains spikes,,,0.0,raw H5,
5,True,5.0,2021-05-05_B,12034,10,exc,"'none' resolved to 'exc': series resistance is 2.9 MOhm, so whole-cell; polarity from the sign of the current",,whole-cell,2.8923456605466855,raw H5,
5,True,5.0,2021-05-05_B,12031,13,exc,"'none' resolved to 'exc': the trace has no spikes, so whole-cell with the series resistance never set; polarity from the sign of the current",,whole-cell,0.0,raw H5,
5,True,5.0,2021-05-25_B,12260,10,extracellular,'none' resolved to 'extracellular': series resistance is 0 and the trace contains spikes,,cell-attached,0.0,raw H5,
5,True,5.0,2021-05-25_B,12261,5,extracellular,'none' resolved to 'extracellular': series resistance is 0 and the trace contains spikes,,cell-attached,0.0,raw H5,
5,True,5.0,2021-05-25_B,12262,10,exc,"'none' resolved to 'exc': series resistance is 4.3 MOhm, so whole-cell; polarity from the sign of the current",,whole-cell,4.330907054871221,raw H5,
5,True,5.0,2021-05-25_B,12265,13,extracellular,'none' resolved to 'extracellular': series resistance is 0 and the trace contains spikes,,cell-attached,0.0,raw H5,
5,True,5.0,2021-05-25_B,12249,9,exc,"'none' resolved to 'exc': series resistance is 5.2 MOhm, so whole-cell; polarity from the sign of the current",,whole-cell,5.175297738525358,raw H5,
5,True,5.0,2021-05-25_B,12247,12,exc,"'none' resolved to 'exc': series resistance is 15.7 MOhm, so whole-cell; polarity from the sign of the current",,whole-cell,15.74875292680444,raw H5,
5,True,5.0,2021-05-25_B,12248,3,exc,"'none' resolved to 'exc': series resistance is 15.7 MOhm, so whole-cell; polarity from the sign of the current",,whole-cell,15.74875292680444,raw H5,
5,True,5.0,2021-05-25_B,12243,11,extracellular,'none' resolved to 'extracellular': series resistance is 0 and the trace contains spikes,,cell-attached,0.0,raw H5,
5,True,5.0,2021-05-25_B,12253,11,extracellular,'none' resolved to 'extracellular': series resistance is 0 and the trace contains spikes,,cell-attached,0.0,raw H5,
5,True,5.0,2021-05-25_B,12252,13,exc,"'none' resolved to 'exc': the trace has no spikes, so whole-cell with the series resistance never set; polarity from the sign of the current",,cell-attached,0.0,raw H5,
5,True,5.0,2021-05-25_B,12256,11,extracellular,'none' resolved to 'extracellular': series resistance is 0 and the trace contains spikes,,cell-attached,0.0,raw H5,
5,True,5.0,2021-05-25_B,12258,6,exc,"'none' resolved to 'exc': series resistance is 7.2 MOhm, so whole-cell; polarity from the sign of the current",,whole-cell,7.249976567625833,raw H5,
5,True,5.0,2021-05-25_B,12245,13,exc,"'none' resolved to 'exc': the trace has no spikes, so whole-cell with the series resistance never set; polarity from the sign of the current",,cell-attached,0.0,raw H5,
5,True,5.0,2021-05-25_B,12254,13,exc,"'none' resolved to 'exc': the trace has no spikes, so whole-cell with the series resistance never set; polarity from the sign of the current",,cell-attached,0.0,raw H5,
5,True,5.0,2021-06-22_B,12536,12,extracellular,'none' resolved to 'extracellular': series resistance is 0 and the trace contains spikes,,cell-attached,0.0,raw H5,
5,True,5.0,2021-06-22_B,12503,2,extracellular,'none' resolved to 'extracellular': series resistance is 0 and the trace contains spikes,,cell-attached,0.0,raw H5,
5,True,5.0,2021-06-22_B,12513,10,extracellular,'none' resolved to 'extracellular': series resistance is 0 and the trace contains spikes,,cell-attached,0.0,raw H5,
5,True,5.0,2021-06-22_B,12499,10,inh,"'none' resolved to 'inh': the trace has no spikes, so whole-cell with the series resistance never set; polarity from the sign of the current",,,0.0,raw H5,
5,True,5.0,2021-06-22_B,12519,10,extracellular,'none' resolved to 'extracellular': series resistance is 0 and the trace contains spikes,,,0.0,raw H5,
5,True,5.0,2021-06-22_B,12527,12,exc,"'none' resolved to 'exc': series resistance is 9.0 MOhm, so whole-cell; polarity from the sign of the current",,,8.968635862948577,raw H5,
5,True,5.0,2021-07-13_B,12619,6,extracellular,'none' resolved to 'extracellular': series resistance is 0 and the trace contains spikes,,cell-attached,0.0,raw H5,
5,True,5.0,2021-07-19_B,12689,14,exc,"'none' resolved to 'exc': the trace has no spikes, so whole-cell with the series resistance never set; polarity from the sign of the current",,,0.0,raw H5,
5,True,5.0,2021-07-19_B,12690,12,extracellular,'none' resolved to 'extracellular': series resistance is 0 and the trace contains spikes,,,0.0,raw H5,
5,True,5.0,2021-07-19_B,12684,14,extracellular,'none' resolved to 'extracellular': series resistance is 0 and the trace contains spikes,,,0.0,raw H5,
5,True,5.0,2021-07-19_B,12685,13,extracellular,'none' resolved to 'extracellular': series resistance is 0 and the trace contains spikes,,,0.0,raw H5,
5,True,5.0,2021-07-27_B,12699,15,extracellular,'none' resolved to 'extracellular': series resistance is 0 and the trace contains spikes,,cell-attached,0.0,raw H5,
5,True,5.0,2021-07-27_B,12716,2,exc,"'none' resolved to 'exc': the trace has no spikes, so whole-cell with the series resistance never set; polarity from the sign of the current",,,0.0,raw H5,
5,True,5.0,2021-07-27_B,12721,14,extracellular,'none' resolved to 'extracellular': series resistance is 0 and the trace contains spikes,,,0.0,raw H5,
5,True,5.0,2021-07-27_B,12722,5,extracellular,'none' resolved to 'extracellular': series resistance is 0 and the trace contains spikes,,,0.0,raw H5,
5,True,5.0,2021-08-18_B,12748,18,inh,"'none' resolved to 'inh': the trace has no spikes, so whole-cell with the series resistance never set; polarity from the sign of the current",,,0.0,raw H5,
5,True,5.0,2021-08-18_B,12753,12,exc,"'none' resolved to 'exc': the trace has no spikes, so whole-cell with the series resistance never set; polarity from the sign of the current",,,0.0,raw H5,
5,True,5.0,2021-08-18_B,12726,1,exc,"'none' resolved to 'exc': the trace has no spikes, so whole-cell with the series resistance never set; polarity from the sign of the current",,cell-attached,0.0,raw H5,
5,True,5.0,2021-08-18_B,12757,10,exc,"'none' resolved to 'exc': the trace has no spikes, so whole-cell with the series resistance never set; polarity from the sign of the current",,cell-attached,0.0,raw H5,
5,True,5.0,2021-08-18_B,12758,3,exc,"'none' resolved to 'exc': the trace has no spikes, so whole-cell with the series resistance never set; polarity from the sign of the current",,cell-attached,0.0,raw H5,
5,True,5.0,2021-08-18_B,12743,13,exc,"'none' resolved to 'exc': the trace has no spikes, so whole-cell with the series resistance never set; polarity from the sign of the current",,cell-attached,0.0,raw H5,
5,True,5.0,2021-08-18_B,12736,13,exc,"'none' resolved to 'exc': the trace has no spikes, so whole-cell with the series resistance never set; polarity from the sign of the current",,cell-attached,0.0,raw H5,
5,True,5.0,2021-08-19_B,12777,6,extracellular,'none' resolved to 'extracellular': series resistance is 0 and the trace contains spikes,,cell-attached,0.0,raw H5,
5,True,5.0,2021-08-19_B,12778,3,extracellular,'none' resolved to 'extracellular': series resistance is 0 and the trace contains spikes,,cell-attached,0.0,raw H5,
5,True,5.0,2021-08-19_B,12771,9,exc,"'none' resolved to 'exc': series resistance is 12.5 MOhm, so whole-cell; polarity from the sign of the current",,,12.467762733720182,raw H5,
5,True,5.0,2021-08-19_B,12763,10,extracellular,'none' resolved to 'extracellular': series resistance is 0 and the trace contains spikes,,,0.0,raw H5,
5,True,5.0,2021-09-07_B,12789,12,exc,"'none' resolved to 'exc': the trace has no spikes, so whole-cell with the series resistance never set; polarity from the sign of the current",,,0.0,raw H5,
5,True,5.0,2021-09-07_B,12791,12,exc,"'none' resolved to 'exc': the trace has no spikes, so whole-cell with the series resistance never set; polarity from the sign of the current",,,0.0,raw H5,
5,True,5.0,2021-09-07_B,12796,4,exc,"'none' resolved to 'exc': the trace has no spikes, so whole-cell with the series resistance never set; polarity from the sign of the current",,,0.0,raw H5,
5,True,5.0,2021-09-21_B,12869,14,exc,"'none' resolved to 'exc': series resistance is 10.7 MOhm, so whole-cell; polarity from the sign of the current",,whole-cell,10.686653771760156,raw H5,
5,True,5.0,2021-09-21_B,12880,12,exc,"'none' resolved to 'exc': series resistance is 6.5 MOhm, so whole-cell; polarity from the sign of the current",,whole-cell,6.517800716241838,raw H5,
5,True,5.0,2021-09-23_B,12906,10,exc,"'none' resolved to 'exc': the trace has no spikes, so whole-cell with the series resistance never set; polarity from the sign of the current",,whole-cell,0.0,raw H5,
5,True,5.0,2021-09-28_B,12910,10,exc,resolved to 'exc': prominent raw events have lower-quartile width 3.89 ms > 1.5 ms; broad currents triggered the spike detector; polarity from the sign of the current,,whole-cell,0.0,raw H5,
5,True,5.0,2021-09-28_B,12930,14,exc,"'none' resolved to 'exc': the trace has no spikes, so whole-cell with the series resistance never set; polarity from the sign of the current",,,0.0,raw H5,
5,True,5.0,2021-09-28_B,12931,9,exc,"'none' resolved to 'exc': the trace has no spikes, so whole-cell with the series resistance never set; polarity from the sign of the current",,,0.0,raw H5,
5,True,5.0,2021-10-07_B,12935,12,exc,"'none' resolved to 'exc': series resistance is 9.9 MOhm, so whole-cell; polarity from the sign of the current",,,9.854758567970444,raw H5,
5,True,5.0,2021-10-07_B,12937,12,exc,resolved to 'exc': prominent raw events have lower-quartile width 2.10 ms > 1.5 ms; broad currents triggered the spike detector; polarity from the sign of the current,,,0.0,raw H5,
5,True,5.0,2022-04-06_B,4686,10,exc,"'none' resolved to 'exc': series resistance is 13.3 MOhm, so whole-cell; polarity from the sign of the current",,,13.27213452299245,raw H5,
5,True,5.0,2022-05-10_B,4734,9,extracellular,'none' resolved to 'extracellular': series resistance is 0 and the trace contains spikes,,cell-attached,0.0,raw H5,
5,True,5.0,2022-05-10_B,4730,13,extracellular,'none' resolved to 'extracellular': series resistance is 0 and the trace contains spikes,,cell-attached,0.0,raw H5,
5,True,5.0,2022-05-10_B,4732,7,extracellular,'none' resolved to 'extracellular': series resistance is 0 and the trace contains spikes,,cell-attached,0.0,raw H5,
5,True,5.0,2022-05-10_B,4722,10,exc,"'none' resolved to 'exc': series resistance is 11.5 MOhm, so whole-cell; polarity from the sign of the current",,whole-cell,11.549085479656588,raw H5,
5,True,5.0,2022-05-10_B,4723,10,extracellular,'none' resolved to 'extracellular': series resistance is 0 and the trace contains spikes,,cell-attached,0.0,raw H5,
5,True,5.0,2022-05-10_B,4724,10,exc,"'none' resolved to 'exc': series resistance is 6.6 MOhm, so whole-cell; polarity from the sign of the current",,whole-cell,6.636067261496225,raw H5,
5,True,5.0,2022-05-10_B,4728,13,exc,"'none' resolved to 'exc': series resistance is 6.3 MOhm, so whole-cell; polarity from the sign of the current",,whole-cell,6.2695035460992905,raw H5,
5,True,5.0,2022-05-10_B,4736,7,extracellular,'none' resolved to 'extracellular': series resistance is 0 and the trace contains spikes,,cell-attached,0.0,raw H5,
5,True,5.0,2022-05-10_B,4720,7,exc,"'none' resolved to 'exc': the trace has no spikes, so whole-cell with the series resistance never set; polarity from the sign of the current",,cell-attached,0.0,raw H5,
5,True,5.0,2022-05-18_B,4781,11,inh,"'none' resolved to 'inh': the trace has no spikes, so whole-cell with the series resistance never set; polarity from the sign of the current",,cell-attached,0.0,raw H5,
5,True,5.0,2022-05-18_B,4784,10,extracellular,'none' resolved to 'extracellular': series resistance is 0 and the trace contains spikes,,cell-attached,0.0,raw H5,
5,True,5.0,2022-05-18_B,4794,10,extracellular,'none' resolved to 'extracellular': series resistance is 0 and the trace contains spikes,,,0.0,raw H5,
5,True,5.0,2022-05-18_B,4795,12,exc,"'none' resolved to 'exc': series resistance is 12.4 MOhm, so whole-cell; polarity from the sign of the current",,,12.374020156774918,raw H5,
5,True,5.0,2022-05-18_B,4782,10,extracellular,'none' resolved to 'extracellular': series resistance is 0 and the trace contains spikes,,cell-attached,0.0,raw H5,
5,True,5.0,2022-05-18_B,4786,9,extracellular,'none' resolved to 'extracellular': series resistance is 0 and the trace contains spikes,,,0.0,raw H5,
5,True,5.0,2022-05-18_B,4788,9,exc,"'none' resolved to 'exc': series resistance is 7.4 MOhm, so whole-cell; polarity from the sign of the current",,,7.429998559147014,raw H5,
5,True,5.0,2022-05-18_B,4789,7,extracellular,'none' resolved to 'extracellular': series resistance is 0 and the trace contains spikes,,cell-attached,0.0,raw H5,
5,True,5.0,2022-05-18_B,4791,11,exc,"'none' resolved to 'exc': series resistance is 7.2 MOhm, so whole-cell; polarity from the sign of the current",,whole-cell,7.218178424785369,raw H5,
5,True,5.0,2022-05-18_B,4796,10,extracellular,'none' resolved to 'extracellular': series resistance is 0 and the trace contains spikes,,cell-attached,0.0,raw H5,
5,True,5.0,2022-05-18_B,4793,9,extracellular,'none' resolved to 'extracellular': series resistance is 0 and the trace contains spikes,,cell-attached,0.0,raw H5,
5,True,5.0,2022-05-31_B,4800,11,extracellular,'none' resolved to 'extracellular': series resistance is 0 and the trace contains spikes,,cell-attached,0.0,raw H5,
5,True,5.0,2022-05-31_B,4801,27,extracellular,'none' resolved to 'extracellular': series resistance is 0 and the trace contains spikes,,cell-attached,0.0,raw H5,
5,True,5.0,2022-05-31_B,4803,24,extracellular,'none' resolved to 'extracellular': series resistance is 0 and the trace contains spikes,,cell-attached,0.0,raw H5,
5,True,5.0,2022-05-31_B,4805,12,exc,"'none' resolved to 'exc': series resistance is 8.9 MOhm, so whole-cell; polarity from the sign of the current",,whole-cell,8.895917193789534,raw H5,
5,True,5.0,2022-05-31_B,4806,4,exc,"'none' resolved to 'exc': series resistance is 8.9 MOhm, so whole-cell; polarity from the sign of the current",,whole-cell,8.895917193789534,raw H5,
5,True,5.0,2022-05-31_B,4798,21,extracellular,'none' resolved to 'extracellular': series resistance is 0 and the trace contains spikes,,cell-attached,0.0,raw H5,
5,True,5.0,2022-06-07_B,4813,19,exc,"'none' resolved to 'exc': the trace has no spikes, so whole-cell with the series resistance never set; polarity from the sign of the current",,cell-attached,0.0,raw H5,
5,True,5.0,2022-06-07_B,4816,4,inh,"'none' resolved to 'inh': the trace has no spikes, so whole-cell with the series resistance never set; polarity from the sign of the current",,cell-attached,0.0,raw H5,
5,True,5.0,2022-06-07_B,4817,8,inh,"'none' resolved to 'inh': the trace has no spikes, so whole-cell with the series resistance never set; polarity from the sign of the current",,cell-attached,0.0,raw H5,
5,True,5.0,2022-06-07_B,4818,11,exc,"'none' resolved to 'exc': the trace has no spikes, so whole-cell with the series resistance never set; polarity from the sign of the current",,cell-attached,0.0,raw H5,
5,True,5.0,2022-06-07_B,4809,21,extracellular,'none' resolved to 'extracellular': series resistance is 0 and the trace contains spikes,,cell-attached,0.0,raw H5,
5,True,5.0,2022-06-07_B,4811,23,exc,"'none' resolved to 'exc': the trace has no spikes, so whole-cell with the series resistance never set; polarity from the sign of the current",,cell-attached,0.0,raw H5,
5,True,5.0,2022-09-09_B,37920,12,exc,"'none' resolved to 'exc': series resistance is 11.1 MOhm, so whole-cell; polarity from the sign of the current",,whole-cell,11.082455763306829,epoch parameters,
5,True,5.0,2022-09-09_B,37925,10,exc,"'none' resolved to 'exc': series resistance is 6.8 MOhm, so whole-cell; polarity from the sign of the current",,whole-cell,6.828816103116448,epoch parameters,
5,True,5.0,2022-09-09_B,37926,3,exc,"'none' resolved to 'exc': series resistance is 6.8 MOhm, so whole-cell; polarity from the sign of the current",,whole-cell,6.828816103116448,epoch parameters,
5,True,5.0,2022-09-09_B,37928,12,exc,"'none' resolved to 'exc': series resistance is 3.4 MOhm, so whole-cell; polarity from the sign of the current",,whole-cell,3.3620933214526336,epoch parameters,
5,True,5.0,2022-09-09_B,37929,12,exc,"'none' resolved to 'exc': the trace has no spikes, so whole-cell with the series resistance never set; polarity from the sign of the current",,whole-cell,0.0,epoch parameters,
5,True,5.0,2023-05-17_B,4346,30,extracellular,'none' resolved to 'extracellular': series resistance is 0 and the trace contains spikes,,cell-attached,0.0,raw H5,
5,True,5.0,2023-05-17_B,4340,22,inh,"'none' resolved to 'inh': the trace has no spikes, so whole-cell with the series resistance never set; polarity from the sign of the current",,cell-attached,0.0,raw H5,
5,True,5.0,2023-05-17_B,4342,29,extracellular,'none' resolved to 'extracellular': series resistance is 0 and the trace contains spikes,,cell-attached,0.0,raw H5,
5,True,5.0,2025-01-21_G,13726,4,inh,"'none' resolved to 'inh': the trace has no spikes, so whole-cell with the series resistance never set; polarity from the sign of the current",,cell-attached,0.0,raw H5,
5,True,5.0,2025-01-21_G,13730,3,exc,"'none' resolved to 'exc': series resistance is 7.2 MOhm, so whole-cell; polarity from the sign of the current",,whole-cell,7.156673114119923,raw H5,
5,True,5.0,2025-01-21_G,13735,6,exc,"'none' resolved to 'exc': series resistance is 5.1 MOhm, so whole-cell; polarity from the sign of the current",,whole-cell,5.149059871350817,raw H5,
5,True,5.0,2025-01-21_G,13720,6,exc,"'none' resolved to 'exc': series resistance is 7.0 MOhm, so whole-cell; polarity from the sign of the current",,whole-cell,7.02887537993921,raw H5,
5,True,5.0,2025-01-21_G,13721,6,exc,"'none' resolved to 'exc': series resistance is 7.0 MOhm, so whole-cell; polarity from the sign of the current",,whole-cell,7.02887537993921,raw H5,
5,True,5.0,2025-01-21_G,13722,10,exc,"'none' resolved to 'exc': series resistance is 7.0 MOhm, so whole-cell; polarity from the sign of the current",,whole-cell,7.02887537993921,raw H5,
5,True,5.0,2025-01-21_G,13723,6,exc,"'none' resolved to 'exc': series resistance is 7.0 MOhm, so whole-cell; polarity from the sign of the current",,whole-cell,7.02887537993921,raw H5,
5,True,5.0,2025-01-21_G,13714,4,extracellular,'none' resolved to 'extracellular': series resistance is 0 and the trace contains spikes,,cell-attached,0.0,raw H5,
5,True,5.0,2025-01-28_G,13746,5,extracellular,'none' resolved to 'extracellular': series resistance is 0 and the trace contains spikes,,cell-attached,0.0,raw H5,
5,True,5.0,2025-01-28_G,13747,3,extracellular,'none' resolved to 'extracellular': series resistance is 0 and the trace contains spikes,,cell-attached,0.0,raw H5,
5,True,5.0,2025-01-28_G,13748,3,extracellular,'none' resolved to 'extracellular': series resistance is 0 and the trace contains spikes,,cell-attached,0.0,raw H5,
5,True,5.0,2025-01-28_G,13736,1,extracellular,'none' resolved to 'extracellular': series resistance is 0 and the trace contains spikes,,cell-attached,0.0,raw H5,
5,True,5.0,2025-01-28_G,13737,3,extracellular,'none' resolved to 'extracellular': series resistance is 0 and the trace contains spikes,,cell-attached,0.0,raw H5,
5,True,5.0,2025-01-28_G,13738,5,extracellular,'none' resolved to 'extracellular': series resistance is 0 and the trace contains spikes,,cell-attached,0.0,raw H5,
5,True,5.0,2025-01-28_G,13740,4,exc,"'none' resolved to 'exc': series resistance is 6.7 MOhm, so whole-cell; polarity from the sign of the current",,whole-cell,6.658934570468726,raw H5,
5,True,5.0,2025-01-28_G,13741,8,exc,"'none' resolved to 'exc': series resistance is 6.7 MOhm, so whole-cell; polarity from the sign of the current",,whole-cell,6.658934570468726,raw H5,
5,True,5.0,2025-01-28_G,13742,8,exc,"'none' resolved to 'exc': series resistance is 6.7 MOhm, so whole-cell; polarity from the sign of the current",,whole-cell,6.658934570468726,raw H5,
5,True,5.0,2025-01-28_G,13745,6,exc,resolved to 'exc': prominent raw events have lower-quartile width 1.82 ms > 1.5 ms; broad currents triggered the spike detector; polarity from the sign of the current,,whole-cell,0.0,raw H5,
5,True,5.0,2025-02-12_G,13781,4,extracellular,'none' resolved to 'extracellular': series resistance is 0 and the trace contains spikes,,cell-attached,0.0,raw H5,
5,True,5.0,2025-02-12_G,13782,4,extracellular,'none' resolved to 'extracellular': series resistance is 0 and the trace contains spikes,,cell-attached,0.0,raw H5,
5,True,5.0,2025-02-12_G,13783,4,exc,"'none' resolved to 'exc': the trace has no spikes, so whole-cell with the series resistance never set; polarity from the sign of the current",,cell-attached,0.0,raw H5,
5,True,5.0,2025-02-12_G,13784,1,extracellular,'none' resolved to 'extracellular': series resistance is 0 and the trace contains spikes,,cell-attached,0.0,raw H5,
5,True,5.0,2025-02-12_G,13785,4,extracellular,'none' resolved to 'extracellular': series resistance is 0 and the trace contains spikes,,cell-attached,0.0,raw H5,
5,True,5.0,2025-02-12_G,13786,3,exc,"'none' resolved to 'exc': the trace has no spikes, so whole-cell with the series resistance never set; polarity from the sign of the current",,cell-attached,0.0,raw H5,
5,True,5.0,2025-02-12_G,13787,4,extracellular,'none' resolved to 'extracellular': series resistance is 0 and the trace contains spikes,,cell-attached,0.0,raw H5,
5,True,5.0,2025-02-12_G,13788,4,extracellular,'none' resolved to 'extracellular': series resistance is 0 and the trace contains spikes,,cell-attached,0.0,raw H5,
5,True,5.0,2025-02-12_G,13789,4,exc,"'none' resolved to 'exc': series resistance is 7.0 MOhm, so whole-cell; polarity from the sign of the current",,whole-cell,6.959829452827823,raw H5,
5,True,5.0,2025-02-12_G,13790,3,exc,"'none' resolved to 'exc': series resistance is 9.7 MOhm, so whole-cell; polarity from the sign of the current",,whole-cell,9.679107080572026,raw H5,
5,True,5.0,2025-02-12_G,13791,1,exc,"'none' resolved to 'exc': series resistance is 9.7 MOhm, so whole-cell; polarity from the sign of the current",,whole-cell,9.679107080572026,raw H5,
5,True,5.0,2025-02-12_G,13792,4,exc,"'none' resolved to 'exc': series resistance is 9.7 MOhm, so whole-cell; polarity from the sign of the current",,whole-cell,9.679107080572026,raw H5,
5,True,5.0,2025-02-12_G,13793,4,exc,"'none' resolved to 'exc': series resistance is 9.7 MOhm, so whole-cell; polarity from the sign of the current",,whole-cell,9.679107080572026,raw H5,
5,True,5.0,2025-02-12_G,13777,3,extracellular,'none' resolved to 'extracellular': series resistance is 0 and the trace contains spikes,,cell-attached,0.0,raw H5,
5,True,5.0,2025-02-12_G,13778,4,extracellular,'none' resolved to 'extracellular': series resistance is 0 and the trace contains spikes,,cell-attached,0.0,raw H5,
5,True,5.0,2025-02-12_G,13779,2,extracellular,'none' resolved to 'extracellular': series resistance is 0 and the trace contains spikes,,cell-attached,0.0,raw H5,
5,True,5.0,2025-02-12_G,13773,4,exc,"'none' resolved to 'exc': series resistance is 9.6 MOhm, so whole-cell; polarity from the sign of the current",,whole-cell,9.600415153087702,raw H5,
5,True,5.0,2025-02-12_G,13774,4,exc,"'none' resolved to 'exc': series resistance is 9.6 MOhm, so whole-cell; polarity from the sign of the current",,whole-cell,9.600415153087702,raw H5,
5,True,5.0,2025-02-12_G,13797,4,extracellular,'none' resolved to 'extracellular': series resistance is 0 and the trace contains spikes,,cell-attached,0.0,raw H5,
5,True,5.0,2025-02-12_G,13798,3,extracellular,'none' resolved to 'extracellular': series resistance is 0 and the trace contains spikes,,cell-attached,0.0,raw H5,
5,True,5.0,2025-02-12_G,13799,3,extracellular,'none' resolved to 'extracellular': series resistance is 0 and the trace contains spikes,,cell-attached,0.0,raw H5,
5,True,5.0,2025-02-19_G,13809,4,extracellular,'none' resolved to 'extracellular': series resistance is 0 and the trace contains spikes,,cell-attached,0.0,raw H5,
5,True,5.0,2025-02-19_G,13810,4,extracellular,'none' resolved to 'extracellular': series resistance is 0 and the trace contains spikes,,cell-attached,0.0,raw H5,
5,True,5.0,2025-02-19_G,13811,1,extracellular,'none' resolved to 'extracellular': series resistance is 0 and the trace contains spikes,,cell-attached,0.0,raw H5,
5,True,5.0,2025-02-19_G,13812,3,extracellular,'none' resolved to 'extracellular': series resistance is 0 and the trace contains spikes,,cell-attached,0.0,raw H5,
5,True,5.0,2025-02-19_G,13813,4,inh,"'none' resolved to 'inh': the trace has no spikes, so whole-cell with the series resistance never set; polarity from the sign of the current",,cell-attached,0.0,raw H5,
5,True,5.0,2025-02-19_G,13814,4,extracellular,'none' resolved to 'extracellular': series resistance is 0 and the trace contains spikes,,cell-attached,0.0,raw H5,
5,True,5.0,2025-02-19_G,13815,6,inh,"'none' resolved to 'inh': the trace has no spikes, so whole-cell with the series resistance never set; polarity from the sign of the current",,cell-attached,0.0,raw H5,
5,True,5.0,2025-02-19_G,13816,2,extracellular,'none' resolved to 'extracellular': series resistance is 0 and the trace contains spikes,,cell-attached,0.0,raw H5,
5,True,5.0,2025-02-19_G,13818,4,exc,"'none' resolved to 'exc': series resistance is 10.7 MOhm, so whole-cell; polarity from the sign of the current",,whole-cell,10.67034093822097,raw H5,
5,True,5.0,2025-02-19_G,13819,2,exc,"'none' resolved to 'exc': series resistance is 10.7 MOhm, so whole-cell; polarity from the sign of the current",,whole-cell,10.67034093822097,raw H5,
5,True,5.0,2025-02-19_G,13820,5,exc,"'none' resolved to 'exc': series resistance is 10.7 MOhm, so whole-cell; polarity from the sign of the current",,whole-cell,10.67034093822097,raw H5,
5,True,5.0,2025-02-19_G,13821,6,exc,"'none' resolved to 'exc': series resistance is 10.7 MOhm, so whole-cell; polarity from the sign of the current",,whole-cell,10.67034093822097,raw H5,
5,True,5.0,2025-02-19_G,13822,6,exc,"'none' resolved to 'exc': series resistance is 10.7 MOhm, so whole-cell; polarity from the sign of the current",,whole-cell,10.67034093822097,raw H5,
5,True,5.0,2025-02-19_G,13807,6,extracellular,'none' resolved to 'extracellular': series resistance is 0 and the trace contains spikes,,cell-attached,0.0,raw H5,
5,True,5.0,2025-02-19_G,13824,2,extracellular,'none' resolved to 'extracellular': series resistance is 0 and the trace contains spikes,,cell-attached,0.0,raw H5,
5,True,5.0,2025-02-19_G,13825,6,extracellular,'none' resolved to 'extracellular': series resistance is 0 and the trace contains spikes,,cell-attached,0.0,raw H5,
5,True,5.0,2025-02-19_G,13826,6,extracellular,'none' resolved to 'extracellular': series resistance is 0 and the trace contains spikes,,cell-attached,0.0,raw H5,
5,True,5.0,2025-02-19_G,13827,3,inh,"'none' resolved to 'inh': the trace has no spikes, so whole-cell with the series resistance never set; polarity from the sign of the current",,cell-attached,0.0,raw H5,
5,True,5.0,2025-02-19_G,13831,3,exc,"'none' resolved to 'exc': series resistance is 0.6 MOhm, so whole-cell; polarity from the sign of the current",,whole-cell,0.6291085840058694,raw H5,
5,True,5.0,2025-02-19_G,13800,4,extracellular,'none' resolved to 'extracellular': series resistance is 0 and the trace contains spikes,,cell-attached,0.0,raw H5,
5,True,5.0,2025-02-19_G,13801,1,extracellular,'none' resolved to 'extracellular': series resistance is 0 and the trace contains spikes,,cell-attached,0.0,raw H5,
5,True,5.0,2025-02-19_G,13802,1,extracellular,'none' resolved to 'extracellular': series resistance is 0 and the trace contains spikes,,cell-attached,0.0,raw H5,
5,True,5.0,2025-02-19_G,13803,2,extracellular,'none' resolved to 'extracellular': series resistance is 0 and the trace contains spikes,,cell-attached,0.0,raw H5,
5,True,5.0,2025-02-19_G,13804,3,extracellular,'none' resolved to 'extracellular': series resistance is 0 and the trace contains spikes,,cell-attached,0.0,raw H5,
5,True,5.0,2025-02-19_G,13805,6,extracellular,'none' resolved to 'extracellular': series resistance is 0 and the trace contains spikes,,cell-attached,0.0,raw H5,
5,True,5.0,2025-02-19_G,13806,4,extracellular,'none' resolved to 'extracellular': series resistance is 0 and the trace contains spikes,,cell-attached,0.0,raw H5,
5,True,5.0,2025-03-06_G,13854,4,extracellular,'none' resolved to 'extracellular': series resistance is 0 and the trace contains spikes,,cell-attached,0.0,raw H5,
5,True,5.0,2025-03-06_G,13855,4,inh,"'none' resolved to 'inh': the trace has no spikes, so whole-cell with the series resistance never set; polarity from the sign of the current",,cell-attached,0.0,raw H5,
5,True,5.0,2025-03-06_G,13856,6,extracellular,'none' resolved to 'extracellular': series resistance is 0 and the trace contains spikes,,cell-attached,0.0,raw H5,
5,True,5.0,2025-03-06_G,13857,5,extracellular,'none' resolved to 'extracellular': series resistance is 0 and the trace contains spikes,,cell-attached,0.0,raw H5,
5,True,5.0,2025-03-06_G,13858,5,extracellular,'none' resolved to 'extracellular': series resistance is 0 and the trace contains spikes,,cell-attached,0.0,raw H5,
5,True,5.0,2025-03-06_G,13859,6,exc,"'none' resolved to 'exc': series resistance is 13.1 MOhm, so whole-cell; polarity from the sign of the current",,,13.072151998115725,raw H5,
5,True,5.0,2025-03-06_G,13836,6,extracellular,'none' resolved to 'extracellular': series resistance is 0 and the trace contains spikes,,cell-attached,0.0,raw H5,
5,True,5.0,2025-03-06_G,13837,6,extracellular,'none' resolved to 'extracellular': series resistance is 0 and the trace contains spikes,,cell-attached,0.0,raw H5,
5,True,5.0,2025-03-06_G,13838,2,extracellular,'none' resolved to 'extracellular': series resistance is 0 and the trace contains spikes,,cell-attached,0.0,raw H5,
5,True,5.0,2025-03-06_G,13839,5,exc,"'none' resolved to 'exc': the trace has no spikes, so whole-cell with the series resistance never set; polarity from the sign of the current",,cell-attached,0.0,raw H5,
5,True,5.0,2025-03-06_G,13840,5,exc,"'none' resolved to 'exc': the trace has no spikes, so whole-cell with the series resistance never set; polarity from the sign of the current",,cell-attached,0.0,raw H5,
5,True,5.0,2025-03-06_G,13841,3,extracellular,'none' resolved to 'extracellular': series resistance is 0 and the trace contains spikes,,cell-attached,0.0,raw H5,
5,True,5.0,2025-03-06_G,13842,3,extracellular,'none' resolved to 'extracellular': series resistance is 0 and the trace contains spikes,,cell-attached,0.0,raw H5,
5,True,5.0,2025-03-06_G,13843,4,exc,resolved to 'exc': prominent raw events have lower-quartile width 3.44 ms > 1.5 ms; broad currents triggered the spike detector; polarity from the sign of the current,,whole-cell,0.0,raw H5,
5,True,5.0,2025-03-06_G,13844,4,exc,"'none' resolved to 'exc': the trace has no spikes, so whole-cell with the series resistance never set; polarity from the sign of the current",,whole-cell,0.0,raw H5,
5,True,5.0,2025-03-06_G,13845,3,exc,resolved to 'exc': prominent raw events have lower-quartile width 4.80 ms > 1.5 ms; broad currents triggered the spike detector; polarity from the sign of the current,,whole-cell,0.0,raw H5,
5,True,5.0,2025-03-06_G,13846,5,exc,"'none' resolved to 'exc': the trace has no spikes, so whole-cell with the series resistance never set; polarity from the sign of the current",,whole-cell,0.0,raw H5,
5,True,5.0,2025-03-06_G,13847,2,exc,resolved to 'exc': prominent raw events have lower-quartile width 5.24 ms > 1.5 ms; broad currents triggered the spike detector; polarity from the sign of the current,,whole-cell,0.0,raw H5,
5,True,5.0,2025-03-06_G,13848,1,exc,"'none' resolved to 'exc': the trace has no spikes, so whole-cell with the series resistance never set; polarity from the sign of the current",,whole-cell,0.0,raw H5,
5,True,5.0,2025-03-06_G,13849,2,exc,"'none' resolved to 'exc': the trace has no spikes, so whole-cell with the series resistance never set; polarity from the sign of the current",,whole-cell,0.0,raw H5,
5,True,5.0,2025-03-06_G,13850,6,extracellular,'none' resolved to 'extracellular': series resistance is 0 and the trace contains spikes,,whole-cell,0.0,raw H5,
5,True,5.0,2025-03-06_G,13851,6,extracellular,'none' resolved to 'extracellular': series resistance is 0 and the trace contains spikes,,whole-cell,0.0,raw H5,
5,True,5.0,2025-03-06_G,13832,5,exc,"'none' resolved to 'exc': the trace has no spikes, so whole-cell with the series resistance never set; polarity from the sign of the current",,cell-attached,0.0,raw H5,
5,True,5.0,2025-03-06_G,13833,5,extracellular,'none' resolved to 'extracellular': series resistance is 0 and the trace contains spikes,,cell-attached,0.0,raw H5,
5,True,5.0,2025-03-06_G,13834,5,extracellular,'none' resolved to 'extracellular': series resistance is 0 and the trace contains spikes,,cell-attached,0.0,raw H5,
5,True,5.0,2025-03-06_G,13835,5,extracellular,'none' resolved to 'extracellular': series resistance is 0 and the trace contains spikes,,cell-attached,0.0,raw H5,
5,True,5.0,2025-03-06_G,13866,4,extracellular,'none' resolved to 'extracellular': series resistance is 0 and the trace contains spikes,,cell-attached,0.0,raw H5,
5,True,5.0,2025-03-06_G,13867,4,extracellular,'none' resolved to 'extracellular': series resistance is 0 and the trace contains spikes,,cell-attached,0.0,raw H5,
5,True,5.0,2025-03-06_G,13868,4,extracellular,'none' resolved to 'extracellular': series resistance is 0 and the trace contains spikes,,cell-attached,0.0,raw H5,
5,True,5.0,2025-03-06_G,13869,1,extracellular,'none' resolved to 'extracellular': series resistance is 0 and the trace contains spikes,,cell-attached,0.0,raw H5,
5,True,5.0,2025-03-06_G,13870,4,extracellular,'none' resolved to 'extracellular': series resistance is 0 and the trace contains spikes,,cell-attached,0.0,raw H5,
5,True,5.0,2025-03-06_G,13871,5,exc,resolved to 'exc': prominent raw events have lower-quartile width 1.62 ms > 1.5 ms; broad currents triggered the spike detector; polarity from the sign of the current,,whole-cell,0.0,raw H5,
5,True,5.0,2025-03-06_G,13872,4,exc,resolved to 'exc': prominent raw events have lower-quartile width 1.83 ms > 1.5 ms; broad currents triggered the spike detector; polarity from the sign of the current,,whole-cell,0.0,raw H5,
5,True,5.0,2025-03-06_G,13873,4,exc,resolved to 'exc': prominent raw events have lower-quartile width 1.93 ms > 1.5 ms; broad currents triggered the spike detector; polarity from the sign of the current,,whole-cell,0.0,raw H5,
5,True,5.0,2025-03-06_G,13864,6,extracellular,'none' resolved to 'extracellular': series resistance is 0 and the trace contains spikes,,cell-attached,0.0,raw H5,
5,True,5.0,2025-03-06_G,13865,6,exc,"'none' resolved to 'exc': the trace has no spikes, so whole-cell with the series resistance never set; polarity from the sign of the current",,cell-attached,0.0,raw H5,
5,True,5.0,2025-03-06_G,13860,4,extracellular,'none' resolved to 'extracellular': series resistance is 0 and the trace contains spikes,,cell-attached,0.0,raw H5,
5,True,5.0,2025-03-06_G,13861,4,extracellular,'none' resolved to 'extracellular': series resistance is 0 and the trace contains spikes,,cell-attached,0.0,raw H5,
5,True,5.0,2025-03-06_G,13862,5,extracellular,'none' resolved to 'extracellular': series resistance is 0 and the trace contains spikes,,cell-attached,0.0,raw H5,
5,True,5.0,2025-03-06_G,13863,2,exc,"'none' resolved to 'exc': series resistance is 3.2 MOhm, so whole-cell; polarity from the sign of the current",,whole-cell,3.1771777502146743,raw H5,
5,True,5.0,2025-05-06_E,16969,15,exc,resolved to 'exc': prominent raw events have lower-quartile width 4.42 ms > 1.5 ms; broad currents triggered the spike detector; polarity from the sign of the current,,whole-cell,0.0,raw H5,
5,True,5.0,2025-05-06_E,16970,4,exc,resolved to 'exc': prominent raw events have lower-quartile width 4.46 ms > 1.5 ms; broad currents triggered the spike detector; polarity from the sign of the current,,whole-cell,0.0,raw H5,
5,True,5.0,2025-05-06_E,16971,16,exc,resolved to 'exc': prominent raw events have lower-quartile width 4.83 ms > 1.5 ms; broad currents triggered the spike detector; polarity from the sign of the current,,whole-cell,0.0,raw H5,
5,True,5.0,2025-05-06_E,16983,32,exc,resolved to 'exc': prominent raw events have lower-quartile width 3.08 ms > 1.5 ms; broad currents triggered the spike detector; polarity from the sign of the current,,cell-attached,0.0,raw H5,
5,True,5.0,2025-09-11_E,18177,10,exc,"'none' resolved to 'exc': the trace has no spikes, so whole-cell with the series resistance never set; polarity from the sign of the current",,whole-cell,0.0,raw H5,
5,True,5.0,2025-09-11_E,18178,10,exc,"'none' resolved to 'exc': the trace has no spikes, so whole-cell with the series resistance never set; polarity from the sign of the current",,whole-cell,0.0,raw H5,
5,True,5.0,2025-09-11_E,18193,10,exc,resolved to 'exc': prominent raw events have lower-quartile width 8.20 ms > 1.5 ms; broad currents triggered the spike detector; polarity from the sign of the current,,whole-cell,0.0,raw H5,
5,True,5.0,2025-09-11_E,18194,10,exc,"'none' resolved to 'exc': the trace has no spikes, so whole-cell with the series resistance never set; polarity from the sign of the current",,whole-cell,0.0,raw H5,
5,True,5.0,2025-09-11_E,18195,10,exc,resolved to 'exc': prominent raw events have lower-quartile width 8.77 ms > 1.5 ms; broad currents triggered the spike detector; polarity from the sign of the current,,whole-cell,0.0,raw H5,
5,True,5.0,2025-09-11_E,18196,10,exc,"'none' resolved to 'exc': the trace has no spikes, so whole-cell with the series resistance never set; polarity from the sign of the current",,whole-cell,0.0,raw H5,
5,True,5.0,2025-09-11_E,18199,10,exc,"'none' resolved to 'exc': the trace has no spikes, so whole-cell with the series resistance never set; polarity from the sign of the current",,whole-cell,0.0,raw H5,
5,True,5.0,2025-09-11_E,18200,10,exc,"'none' resolved to 'exc': the trace has no spikes, so whole-cell with the series resistance never set; polarity from the sign of the current",,whole-cell,0.0,raw H5,
5,True,5.0,2025-09-11_E,18202,10,exc,"'none' resolved to 'exc': the trace has no spikes, so whole-cell with the series resistance never set; polarity from the sign of the current",,whole-cell,0.0,raw H5,
5,True,5.0,2025-09-11_E,18203,10,exc,"'none' resolved to 'exc': the trace has no spikes, so whole-cell with the series resistance never set; polarity from the sign of the current",,whole-cell,0.0,raw H5,
5,True,5.0,2025-09-24_E,18372,8,exc,"'none' resolved to 'exc': series resistance is 25.0 MOhm, so whole-cell; polarity from the sign of the current",,whole-cell,25.00793902826294,raw H5,
5,True,5.0,2025-12-16_G,14136,12,extracellular,'none' resolved to 'extracellular': series resistance is 0 and the trace contains spikes,,cell-attached,0.0,raw H5,
5,True,5.0,2025-12-16_G,14126,12,extracellular,'none' resolved to 'extracellular': series resistance is 0 and the trace contains spikes,,cell-attached,0.0,raw H5,
5,True,5.0,2025-12-16_G,14119,17,exc,"'none' resolved to 'exc': the trace has no spikes, so whole-cell with the series resistance never set; polarity from the sign of the current",,cell-attached,0.0,raw H5,
5,True,5.0,2025-12-16_G,14128,5,inh,"'none' resolved to 'inh': the trace has no spikes, so whole-cell with the series resistance never set; polarity from the sign of the current",,cell-attached,0.0,raw H5,
5,True,5.0,2025-12-16_G,14129,12,inh,"'none' resolved to 'inh': the trace has no spikes, so whole-cell with the series resistance never set; polarity from the sign of the current",,cell-attached,0.0,raw H5,
5,True,5.0,2025-12-16_G,14132,11,extracellular,'none' resolved to 'extracellular': series resistance is 0 and the trace contains spikes,,cell-attached,0.0,raw H5,
5,True,5.0,2025-12-16_G,14140,9,extracellular,'none' resolved to 'extracellular': series resistance is 0 and the trace contains spikes,,cell-attached,0.0,raw H5,
5,True,5.0,2025-12-16_G,14123,10,extracellular,'none' resolved to 'extracellular': series resistance is 0 and the trace contains spikes,,cell-attached,0.0,raw H5,
5,True,5.0,2026-01-02_G,14235,12,extracellular,'none' resolved to 'extracellular': series resistance is 0 and the trace contains spikes,,cell-attached,0.0,raw H5,
5,True,5.0,2026-01-02_G,14219,11,extracellular,'none' resolved to 'extracellular': series resistance is 0 and the trace contains spikes,,cell-attached,0.0,raw H5,
5,True,5.0,2026-01-02_G,14223,12,exc,resolved to 'exc': prominent raw events have lower-quartile width 2.08 ms > 1.5 ms; broad currents triggered the spike detector; polarity from the sign of the current,,whole-cell,0.0,raw H5,
5,True,5.0,2026-01-02_G,14224,12,exc,"'none' resolved to 'exc': the trace has no spikes, so whole-cell with the series resistance never set; polarity from the sign of the current",,whole-cell,0.0,raw H5,
5,True,5.0,2026-01-02_G,14210,3,extracellular,'none' resolved to 'extracellular': series resistance is 0 and the trace contains spikes,,cell-attached,0.0,raw H5,
5,True,5.0,2026-01-02_G,14211,12,extracellular,'none' resolved to 'extracellular': series resistance is 0 and the trace contains spikes,,cell-attached,0.0,raw H5,
5,True,5.0,2026-01-02_G,14212,12,extracellular,'none' resolved to 'extracellular': series resistance is 0 and the trace contains spikes,,cell-attached,0.0,raw H5,
5,True,5.0,2026-01-02_G,14215,10,exc,"'none' resolved to 'exc': series resistance is 15.6 MOhm, so whole-cell; polarity from the sign of the current",,whole-cell,15.60596119598838,raw H5,
5,True,5.0,2026-01-02_G,14216,12,exc,"'none' resolved to 'exc': series resistance is 20.5 MOhm, so whole-cell; polarity from the sign of the current",,whole-cell,20.453540366566756,raw H5,
5,True,5.0,2026-01-02_G,14228,9,extracellular,'none' resolved to 'extracellular': series resistance is 0 and the trace contains spikes,,whole-cell,0.0,raw H5,
5,True,5.0,2026-01-02_G,14229,2,exc,"'none' resolved to 'exc': the trace has no spikes, so whole-cell with the series resistance never set; polarity from the sign of the current",,whole-cell,0.0,raw H5,
5,True,5.0,2026-01-02_G,14204,20,extracellular,'none' resolved to 'extracellular': series resistance is 0 and the trace contains spikes,,cell-attached,0.0,raw H5,
5,True,5.0,2026-01-02_G,14205,11,extracellular,'none' resolved to 'extracellular': series resistance is 0 and the trace contains spikes,,cell-attached,0.0,raw H5,
5,True,5.0,2026-01-13_G,14238,12,extracellular,'none' resolved to 'extracellular': series resistance is 0 and the trace contains spikes,,cell-attached,0.0,raw H5,
5,True,5.0,2026-01-13_G,14248,12,extracellular,'none' resolved to 'extracellular': series resistance is 0 and the trace contains spikes,,cell-attached,0.0,raw H5,
5,True,5.0,2026-01-13_G,14249,8,extracellular,'none' resolved to 'extracellular': series resistance is 0 and the trace contains spikes,,cell-attached,0.0,raw H5,
5,True,5.0,2026-01-13_G,14266,12,inh,"'none' resolved to 'inh': the trace has no spikes, so whole-cell with the series resistance never set; polarity from the sign of the current",,cell-attached,0.0,raw H5,
5,True,5.0,2026-01-13_G,14265,12,exc,"'none' resolved to 'exc': the trace has no spikes, so whole-cell with the series resistance never set; polarity from the sign of the current",,cell-attached,0.0,raw H5,
5,True,5.0,2026-01-13_G,14256,12,exc,"'none' resolved to 'exc': the trace has no spikes, so whole-cell with the series resistance never set; polarity from the sign of the current",,cell-attached,0.0,raw H5,
5,True,5.0,2026-01-13_G,14243,12,extracellular,'none' resolved to 'extracellular': series resistance is 0 and the trace contains spikes,,cell-attached,0.0,raw H5,
5,True,5.0,2026-01-13_G,14242,10,exc,"'none' resolved to 'exc': the trace has no spikes, so whole-cell with the series resistance never set; polarity from the sign of the current",,cell-attached,0.0,raw H5,
5,True,5.0,2026-01-13_G,14260,10,extracellular,'none' resolved to 'extracellular': series resistance is 0 and the trace contains spikes,,cell-attached,0.0,raw H5,
5,True,5.0,2026-01-13_G,14263,3,exc,"'none' resolved to 'exc': series resistance is 28.1 MOhm, so whole-cell; polarity from the sign of the current",,whole-cell,28.07094446505041,raw H5,
5,True,5.0,2026-01-13_G,14264,4,exc,"'none' resolved to 'exc': series resistance is 28.1 MOhm, so whole-cell; polarity from the sign of the current",,whole-cell,28.07094446505041,raw H5,
5,True,5.0,2026-01-14_G,14272,10,extracellular,'none' resolved to 'extracellular': series resistance is 0 and the trace contains spikes,,cell-attached,0.0,raw H5,
5,True,5.0,2026-01-14_G,14276,4,exc,"'none' resolved to 'exc': the trace has no spikes, so whole-cell with the series resistance never set; polarity from the sign of the current",,whole-cell,0.0,raw H5,
5,True,5.0,2026-01-14_G,14284,11,exc,"'none' resolved to 'exc': the trace has no spikes, so whole-cell with the series resistance never set; polarity from the sign of the current",,cell-attached,0.0,raw H5,
5,True,5.0,2026-01-14_G,14268,19,extracellular,'none' resolved to 'extracellular': series resistance is 0 and the trace contains spikes,,cell-attached,0.0,raw H5,
5,True,5.0,2026-01-14_G,14280,5,exc,"'none' resolved to 'exc': the trace has no spikes, so whole-cell with the series resistance never set; polarity from the sign of the current",,,0.0,raw H5,
5,True,5.0,2026-01-28_G,14618,5,extracellular,'none' resolved to 'extracellular': series resistance is 0 and the trace contains spikes,,cell-attached,0.0,raw H5,
5,True,5.0,2026-01-28_G,14619,4,extracellular,'none' resolved to 'extracellular': series resistance is 0 and the trace contains spikes,,cell-attached,0.0,raw H5,
5,True,5.0,2026-01-28_G,14620,6,exc,"'none' resolved to 'exc': series resistance is 10.6 MOhm, so whole-cell; polarity from the sign of the current",,whole-cell,10.574785646236903,raw H5,
5,True,5.0,2026-01-28_G,14627,8,extracellular,'none' resolved to 'extracellular': series resistance is 0 and the trace contains spikes,,,0.0,raw H5,
5,True,5.0,2026-01-28_G,14630,10,exc,"'none' resolved to 'exc': series resistance is 7.8 MOhm, so whole-cell; polarity from the sign of the current",,,7.751757530611295,raw H5,
5,True,5.0,2026-01-28_G,14631,6,exc,"'none' resolved to 'exc': series resistance is 7.8 MOhm, so whole-cell; polarity from the sign of the current",,,7.751757530611295,raw H5,
5,True,5.0,2026-01-28_G,14608,10,extracellular,'none' resolved to 'extracellular': series resistance is 0 and the trace contains spikes,,cell-attached,0.0,raw H5,
5,True,5.0,2026-01-28_G,14609,8,extracellular,'none' resolved to 'extracellular': series resistance is 0 and the trace contains spikes,,cell-attached,0.0,raw H5,
5,True,5.0,2026-01-28_G,14613,8,exc,"'none' resolved to 'exc': series resistance is 8.8 MOhm, so whole-cell; polarity from the sign of the current",,whole-cell,8.79045456945251,raw H5,
5,True,5.0,2026-01-28_G,14615,10,exc,"'none' resolved to 'exc': series resistance is 8.8 MOhm, so whole-cell; polarity from the sign of the current",,whole-cell,8.79045456945251,raw H5,
5,True,5.0,2026-01-28_G,14638,8,extracellular,'none' resolved to 'extracellular': series resistance is 0 and the trace contains spikes,,cell-attached,0.0,raw H5,
5,True,5.0,2026-01-28_G,14641,6,exc,"'none' resolved to 'exc': series resistance is 10.5 MOhm, so whole-cell; polarity from the sign of the current",,whole-cell,10.512027274449146,raw H5,
5,True,5.0,2026-01-28_G,14600,2,inh,"'none' resolved to 'inh': the trace has no spikes, so whole-cell with the series resistance never set; polarity from the sign of the current",,cell-attached,0.0,raw H5,
5,True,5.0,2026-01-28_G,14603,7,exc,"'none' resolved to 'exc': the trace has no spikes, so whole-cell with the series resistance never set; polarity from the sign of the current",,,0.0,raw H5,
5,True,5.0,2026-02-05_G,14645,8,extracellular,'none' resolved to 'extracellular': series resistance is 0 and the trace contains spikes,,cell-attached,0.0,raw H5,
5,True,5.0,2026-02-05_G,14649,7,exc,"'none' resolved to 'exc': series resistance is 14.4 MOhm, so whole-cell; polarity from the sign of the current",,whole-cell,14.400622729631552,raw H5,
5,True,5.0,2026-02-05_G,14653,8,exc,"'none' resolved to 'exc': series resistance is 14.4 MOhm, so whole-cell; polarity from the sign of the current",,whole-cell,14.400622729631552,raw H5,
5,True,5.0,2026-02-05_G,14654,8,exc,"'none' resolved to 'exc': series resistance is 14.4 MOhm, so whole-cell; polarity from the sign of the current",,whole-cell,14.400622729631552,raw H5,
5,True,5.0,2026-02-05_G,14657,8,exc,"'none' resolved to 'exc': series resistance is 6.6 MOhm, so whole-cell; polarity from the sign of the current",,whole-cell,6.584671359645655,raw H5,
5,True,5.0,2026-02-05_G,14661,3,exc,"'none' resolved to 'exc': series resistance is 5.1 MOhm, so whole-cell; polarity from the sign of the current",,whole-cell,5.05357088657541,raw H5,
5,True,5.0,2026-02-27_G,37101,10,exc,"'none' resolved to 'exc': series resistance is 8.2 MOhm, so whole-cell; polarity from the sign of the current",,whole-cell,8.200354609929079,raw H5,
5,True,5.0,2026-02-27_G,37104,5,exc,"'none' resolved to 'exc': series resistance is 8.2 MOhm, so whole-cell; polarity from the sign of the current",,whole-cell,8.200354609929079,raw H5,
5,True,5.0,2026-02-27_G,37090,6,exc,"'none' resolved to 'exc': series resistance is 11.1 MOhm, so whole-cell; polarity from the sign of the current",,whole-cell,11.105182418461949,raw H5,
5,True,5.0,2026-02-27_G,37107,10,exc,"'none' resolved to 'exc': the trace has no spikes, so whole-cell with the series resistance never set; polarity from the sign of the current",,cell-attached,0.0,raw H5,
5,True,5.0,2026-02-27_G,37110,8,exc,"'none' resolved to 'exc': series resistance is 4.9 MOhm, so whole-cell; polarity from the sign of the current",,,4.8930292700129305,raw H5,
5,True,5.0,2026-02-27_G,37082,2,exc,"'none' resolved to 'exc': series resistance is 8.3 MOhm, so whole-cell; polarity from the sign of the current",,whole-cell,8.25769974706145,raw H5,
5,True,5.0,2026-09-04_G,37936,14,extracellular,'none' resolved to 'extracellular': series resistance is 0 and the trace contains spikes,,cell-attached,0.0,raw H5,
5,True,5.0,2026-09-04_G,37937,1,exc,resolved to 'exc': prominent raw events have lower-quartile width 6.33 ms > 1.5 ms; broad currents triggered the spike detector; polarity from the sign of the current,,cell-attached,0.0,raw H5,
5,True,5.0,2026-09-04_G,37938,3,exc,"'none' resolved to 'exc': the trace has no spikes, so whole-cell with the series resistance never set; polarity from the sign of the current",,cell-attached,0.0,raw H5,
5,True,5.0,2026-09-04_G,37939,6,exc,"'none' resolved to 'exc': the trace has no spikes, so whole-cell with the series resistance never set; polarity from the sign of the current",,cell-attached,0.0,raw H5,
5,True,5.0,2026-09-04_G,37940,4,exc,"'none' resolved to 'exc': the trace has no spikes, so whole-cell with the series resistance never set; polarity from the sign of the current",,cell-attached,0.0,raw H5,
5,True,5.0,2026-09-04_G,37941,7,exc,"'none' resolved to 'exc': the trace has no spikes, so whole-cell with the series resistance never set; polarity from the sign of the current",,cell-attached,0.0,raw H5,
5,True,5.0,2026-09-04_G,37930,13,exc,"'none' resolved to 'exc': the trace has no spikes, so whole-cell with the series resistance never set; polarity from the sign of the current",,cell-attached,0.0,raw H5,
5,True,5.0,2026-09-04_G,37931,7,exc,"'none' resolved to 'exc': series resistance is 9.1 MOhm, so whole-cell; polarity from the sign of the current",,whole-cell,9.130291730642686,raw H5,
5,True,5.0,2026-09-04_G,37942,15,extracellular,'none' resolved to 'extracellular': series resistance is 0 and the trace contains spikes,,cell-attached,0.0,raw H5,
5,True,5.0,2026-09-04_G,37934,10,exc,"'none' resolved to 'exc': the trace has no spikes, so whole-cell with the series resistance never set; polarity from the sign of the current",,cell-attached,0.0,raw H5,
5,True,5.0,2026-09-04_G,37935,12,exc,"'none' resolved to 'exc': series resistance is 8.6 MOhm, so whole-cell; polarity from the sign of the current",,,8.556891766882517,raw H5,
5,True,5.0,2026-09-04_G,37943,19,exc,"'none' resolved to 'exc': the trace has no spikes, so whole-cell with the series resistance never set; polarity from the sign of the current",,cell-attached,0.0,raw H5,
5,True,5.0,2026-09-04_G,37932,10,exc,"'none' resolved to 'exc': the trace has no spikes, so whole-cell with the series resistance never set; polarity from the sign of the current",,cell-attached,0.0,raw H5,
5,True,5.0,2026-09-04_G,37933,9,exc,"'none' resolved to 'exc': the trace has no spikes, so whole-cell with the series resistance never set; polarity from the sign of the current",,whole-cell,0.0,raw H5,
5,True,5.0,2026-09-04_G,37945,12,extracellular,'none' resolved to 'extracellular': series resistance is 0 and the trace contains spikes,,cell-attached,0.0,raw H5,
